{"cameraMode":{"drawMode":0,"name":"Shaded","section":"Shading Mode"},"sceneLighting":true,"audioPlay":false,"sceneViewState":{"showFog":true,"showMaterialUpdate":true,"showSkybox":true,"showFlares":true,"showImageEffects":true,"showParticleSystems":true},"in2DMode":false,"pivot":{"x":8.477510452270508,"y":-5.968486309051514,"z":-4.549463748931885},"rotation":{"x":-0.09599089622497559,"y":-0.7108022570610046,"z":0.09896954149007797,"w":-0.6897972822189331},"size":8.94762897491455,"orthographic":false}