{"cameraMode":{"drawMode":0,"name":"Shaded","section":"Shading Mode"},"sceneLighting":false,"audioPlay":false,"sceneViewState":{"showFog":true,"showMaterialUpdate":true,"showSkybox":false,"showFlares":true,"showImageEffects":true,"showParticleSystems":true},"in2DMode":false,"pivot":{"x":-4.349572658538818,"y":-2.4336302280426027,"z":-4.260555744171143},"rotation":{"x":0.073680080473423,"y":-0.8838173747062683,"z":0.14879921078681947,"w":0.437443345785141},"size":0.2532622814178467,"orthographic":false}