{"cameraMode":{"drawMode":0,"name":"Shaded","section":"Shading Mode"},"sceneLighting":false,"audioPlay":false,"sceneViewState":{"showFog":true,"showMaterialUpdate":true,"showSkybox":false,"showFlares":true,"showImageEffects":true,"showParticleSystems":true},"in2DMode":false,"pivot":{"x":-2.6412086486816408,"y":-2.745164394378662,"z":-3.9883432388305666},"rotation":{"x":0.073680080473423,"y":-0.8838173747062683,"z":0.14879921078681947,"w":0.437443345785141},"size":0.25326207280158999,"orthographic":false}