{"cameraMode":{"drawMode":0,"name":"Shaded","section":"Shading Mode"},"sceneLighting":true,"audioPlay":false,"sceneViewState":{"showFog":true,"showMaterialUpdate":true,"showSkybox":true,"showFlares":true,"showImageEffects":true,"showParticleSystems":true},"in2DMode":false,"pivot":{"x":0.715543270111084,"y":-6.469796657562256,"z":-9.42160701751709},"rotation":{"x":-0.07199963182210922,"y":-0.9276124835014343,"z":0.2451002448797226,"w":-0.2726830542087555},"size":4.424006462097168,"orthographic":false}